Size,Runtime
(bytes),(seconds)
      2560,0.00199389
      3072,0.00199389
      3584,0.00199413
      4096,0.00199389
      5120,0.00199389
      6144,0.00199389
      7168,0.00199389
      8192,0.00198913
     10240,0.00199389
     12288,0.00199413
     14336,0.00198483
     16384,0.00199485
     20480,0.00199413
     24576,0.00199389
     28672,0.00198984
     32768,0.00199318
     40960,0.00199389
     49152,0.00199604
     57344,0.00199389
     65536,0.00199389
     81920,0.00199389
     98304,0.00199389
    114688,0.00199485
    131072,0.00199413
    163840,0.00199389
    196608,0.00199199
    229376,0.00199413
    262144,0.00195885
    327680,0.00199389
    393216,0.00199389
    458752,0.00199413
    524288,0.00196218
    655360,0.00198698
    786432,0.00197315
    917504,0.00195980
   1048576,0.00199389
   1310720,0.00198984
   1572864,0.00199509
   1835008,0.00199294
   2097152,0.00198913
   2621440,0.00199389
   3145728,0.00199199
   3670016,0.00199485
   4194304,0.00195909
   5242880,0.00198984
   6291456,0.00198507
   7340032,0.00199413
   8388608,0.00196195
  10485760,0.00199485
  12582912,0.00196004
  14680064,0.00199389
  16777216,0.00195789
  20971520,0.00199199
  25165824,0.00198913
  29360128,0.00199389
  33554432,0.00199008
  41943040,0.00199008
  50331648,0.00198388
  58720256,0.00199485
  67108864,0.00195694
  83886080,0.00199389
 100663296,0.00199413
 117440512,0.00199413
 134217728,0.00195503
