Size,Runtime
(bytes),(seconds)
      2560,0.00199389
      3072,0.00192094
      3584,0.00199103
      4096,0.00199389
      5120,0.00199389
      6144,0.00199389
      7168,0.00199389
      8192,0.00198102
     10240,0.00199103
     12288,0.00199413
     14336,0.00199413
     16384,0.00199389
     20480,0.00199389
     24576,0.00199413
     28672,0.00199485
     32768,0.00199413
     40960,0.00199413
     49152,0.00197911
     57344,0.00199389
     65536,0.00199413
     81920,0.00199413
     98304,0.00199389
    114688,0.00199389
    131072,0.00199485
    163840,0.00196099
    196608,0.00199413
    229376,0.00195813
    262144,0.00199389
    327680,0.00199389
    393216,0.00195599
    458752,0.00199509
    524288,0.00199318
    655360,0.00199294
    786432,0.00199294
    917504,0.00199199
   1048576,0.00199103
   1310720,0.00199103
   1572864,0.00199509
   1835008,0.00199103
   2097152,0.00199389
   2621440,0.00199509
   3145728,0.00199485
   3670016,0.00199103
   4194304,0.00199389
   5242880,0.00199103
   6291456,0.00199199
   7340032,0.00199103
   8388608,0.00193691
  10485760,0.00199103
  12582912,0.00198698
  14680064,0.00196004
  16777216,0.00199413
  20971520,0.00199389
  25165824,0.00199485
  29360128,0.00199199
  33554432,0.00199389
  41943040,0.00199389
  50331648,0.00199294
  58720256,0.00198293
  67108864,0.00199389
  83886080,0.00199485
 100663296,0.00199103
 117440512,0.00196099
 134217728,0.00199389
