Size,Runtime
(bytes),(seconds)
      2560,0.00000000
      3072,0.00000000
      3584,0.00000000
      4096,0.00000000
      5120,0.00000000
      6144,0.00000000
      7168,0.00000000
      8192,0.00000000
     10240,0.00000000
     12288,0.00000000
     14336,0.00000000
     16384,0.00000000
     20480,0.00000000
     24576,0.00000000
     28672,0.00000000
     32768,0.00000000
     40960,0.00000000
     49152,0.00000000
     57344,0.00000000
     65536,0.00000000
     81920,0.00000000
     98304,0.00000000
    114688,0.00000000
    131072,0.00000000
    163840,0.00000000
    196608,0.00000000
    229376,0.00000000
    262144,0.00000000
    327680,0.00000000
    393216,0.00000000
    458752,0.00000000
    524288,0.00000000
    655360,0.00000000
    786432,0.00000000
    917504,0.00000000
   1048576,0.00000000
   1310720,0.00000000
   1572864,0.00304103
   1835008,0.00993180
   2097152,0.00902820
   2621440,0.00000000
   3145728,0.00842619
   3670016,0.00999308
   4194304,0.00999093
   5242880,0.00998592
   6291456,0.00998902
   7340032,0.00996208
   8388608,0.00997496
  10485760,0.00998616
  12582912,0.00997591
  14680064,0.00996804
  16777216,0.00999212
  20971520,0.00999618
  25165824,0.00997210
  29360128,0.00418186
  33554432,0.00998592
  41943040,0.00805020
  50331648,0.00999880
  58720256,0.00997210
  67108864,0.00998402
  83886080,0.00998878
 100663296,0.00999093
 117440512,0.00998878
 134217728,0.00996280
